"Date","Price","Open","High","Low","Vol.","Change %"
"09/18/2022","5,783.41","6,077.06","6,118.25","5,765.65","","-4.84%"
"09/11/2022","6,077.30","6,213.88","6,394.18","6,052.42","","-2.17%"
"09/04/2022","6,212.33","6,161.95","6,239.11","6,018.02","72.21M","0.73%"
"08/28/2022","6,167.51","6,199.11","6,303.66","6,009.09","380.57M","-1.70%"
"08/21/2022","6,274.26","6,448.81","6,459.36","6,252.59","308.26M","-3.41%"
"08/14/2022","6,495.83","6,582.63","6,608.83","6,488.00","278.43M","-0.89%"
"08/07/2022","6,553.86","6,510.45","6,587.84","6,453.79","308.51M","1.26%"
"07/31/2022","6,472.35","6,447.18","6,555.71","6,381.43","355.69M","0.37%"
"07/24/2022","6,448.50","6,198.83","6,472.27","6,177.14","385.87M","3.73%"
"07/17/2022","6,216.82","6,070.21","6,247.35","6,028.79","358.77M","3.00%"
"07/10/2022","6,036.00","5,923.83","6,053.33","5,874.68","350.57M","0.05%"
"07/03/2022","6,033.13","5,983.98","6,053.17","5,786.50","420.06M","1.72%"
"06/26/2022","5,931.06","6,105.20","6,156.60","5,852.30","389.09M","-2.34%"
"06/19/2022","6,073.35","5,901.58","6,085.99","5,830.87","392.04M","3.24%"
"06/12/2022","5,882.65","6,088.05","6,122.26","5,870.64","566.95M","-4.92%"
"06/05/2022","6,187.23","6,533.82","6,593.15","6,177.31","376.04M","-4.60%"
"05/29/2022","6,485.30","6,547.86","6,582.05","6,414.22","413.09M","-0.47%"
"05/22/2022","6,515.75","6,350.88","6,519.73","6,229.84","366.81M","3.67%"
"05/15/2022","6,285.24","6,315.68","6,455.80","6,196.19","421.45M","-1.22%"
"05/08/2022","6,362.68","6,207.15","6,363.24","6,086.02","479.86M","1.67%"
"05/01/2022","6,258.36","6,469.31","6,558.91","6,213.64","452.72M","-4.22%"
"04/24/2022","6,533.77","6,450.90","6,601.15","6,338.61","442.05M","-0.72%"
"04/17/2022","6,581.42","6,545.97","6,757.75","6,494.33","336.89M","-0.12%"
"04/10/2022","6,589.35","6,558.53","6,614.96","6,424.97","323.56M","0.63%"
"04/03/2022","6,548.22","6,709.60","6,745.22","6,442.44","459.96M","-2.04%"
"03/27/2022","6,684.31","6,578.72","6,829.40","6,572.01","415.21M","1.99%"
"03/20/2022","6,553.68","6,608.79","6,684.70","6,538.80","390.32M","-1.01%"
"03/13/2022","6,620.24","6,298.96","6,680.00","6,206.05","653.56M","5.75%"
"03/06/2022","6,260.25","5,887.83","6,466.12","5,756.38","886.13M","3.28%"
"02/27/2022","6,061.66","6,620.48","6,684.54","6,061.66","826.58M","-10.23%"
"02/20/2022","6,752.43","6,984.31","6,986.83","6,432.89","629.73M","-2.56%"
"02/13/2022","6,929.63","6,868.07","7,031.93","6,757.33","462.77M","-1.17%"
"02/06/2022","7,011.60","6,987.17","7,169.63","6,929.71","424.57M","0.87%"
"01/30/2022","6,951.38","7,039.71","7,150.54","6,914.77","434.05M","-0.21%"
"01/23/2022","6,965.88","7,014.84","7,070.92","6,754.24","534.75M","-1.45%"
"01/16/2022","7,068.59","7,167.53","7,213.70","7,013.49","403.83M","-1.04%"
"01/09/2022","7,143.00","7,245.21","7,250.24","7,105.55","399.12M","-1.06%"
"01/02/2022","7,219.48","7,197.40","7,384.86","7,178.18","383.36M","0.93%"
"12/26/2021","7,153.03","7,070.14","7,201.65","7,062.40","162.76M","0.94%"
"12/19/2021","7,086.58","6,783.83","7,119.87","6,747.69","283.80M","2.31%"
"12/12/2021","6,926.63","7,004.76","7,054.92","6,884.91","488.76M","-0.93%"
"12/05/2021","6,991.68","6,810.93","7,104.06","6,776.17","388.98M","3.34%"
"11/28/2021","6,765.52","6,831.41","6,902.46","6,655.86","577.76M","0.38%"
"11/21/2021","6,739.73","7,130.24","7,143.60","6,725.08","451.32M","-5.24%"
"11/14/2021","7,112.29","7,090.96","7,183.08","7,068.43","395.35M","0.29%"
"11/07/2021","7,091.40","7,041.60","7,097.46","7,014.94","362.01M","0.72%"
"10/31/2021","7,040.79","6,870.28","7,063.40","6,859.44","353.55M","3.08%"
"10/24/2021","6,830.34","6,752.98","6,830.34","6,707.32","372.20M","1.44%"
"10/17/2021","6,733.69","6,697.29","6,765.46","6,636.61","323.96M","0.09%"
"10/10/2021","6,727.52","6,546.07","6,746.81","6,491.58","370.38M","2.55%"
"10/03/2021","6,559.99","6,484.90","6,617.34","6,421.64","420.14M","0.65%"
"09/26/2021","6,517.69","6,683.85","6,688.76","6,412.70","499.99M","-1.82%"
"09/19/2021","6,638.46","6,450.39","6,718.80","6,389.62","500.90M","1.04%"
"09/12/2021","6,570.19","6,688.77","6,722.00","6,551.62","500.70M","-1.40%"
"09/05/2021","6,663.77","6,704.35","6,756.40","6,605.09","292.68M","-0.39%"
"08/29/2021","6,689.99","6,690.28","6,784.66","6,650.90","329.32M","0.12%"
"08/22/2021","6,681.92","6,699.32","6,717.77","6,618.69","248.55M","0.84%"
"08/15/2021","6,626.11","6,849.68","6,863.74","6,560.74","324.96M","-3.91%"
"08/08/2021","6,896.04","6,818.54","6,913.67","6,806.98","253.91M","1.16%"
"08/01/2021","6,816.96","6,657.95","6,832.94","6,639.31","346.19M","3.09%"
"07/25/2021","6,612.76","6,532.01","6,671.12","6,516.57","366.64M","0.67%"
"07/18/2021","6,568.82","6,398.84","6,574.86","6,253.25","391.17M","1.68%"
"07/11/2021","6,460.08","6,525.11","6,569.37","6,418.25","308.84M","-1.06%"
"07/04/2021","6,529.42","6,545.98","6,582.87","6,348.64","396.06M","-0.36%"
"06/27/2021","6,552.86","6,611.99","6,633.73","6,474.43","341.63M","-1.06%"
"06/20/2021","6,622.87","6,525.03","6,641.90","6,511.93","348.20M","0.82%"
"06/13/2021","6,569.16","6,625.55","6,687.29","6,560.12","443.14M","-0.48%"
"06/06/2021","6,600.66","6,509.98","6,607.61","6,485.80","328.87M","1.30%"
"05/30/2021","6,515.66","6,483.32","6,522.23","6,441.76","265.32M","0.49%"
"05/23/2021","6,484.11","6,395.96","6,493.72","6,375.14","364.70M","1.53%"
"05/16/2021","6,386.41","6,397.22","6,412.91","6,192.33","373.82M","0.02%"
"05/09/2021","6,385.14","6,395.38","6,395.60","6,150.43","389.96M","-0.01%"
"05/02/2021","6,385.51","6,285.51","6,390.04","6,238.79","384.19M","1.85%"
"04/25/2021","6,269.48","6,256.04","6,352.36","6,240.99","358.73M","0.18%"
"04/18/2021","6,257.94","6,294.74","6,319.08","6,154.03","363.29M","-0.46%"
"04/11/2021","6,287.07","6,167.32","6,299.56","6,151.52","357.99M","1.91%"
"04/04/2021","6,169.41","6,155.22","6,188.48","6,118.91","267.40M","1.09%"
"03/28/2021","6,102.96","5,995.00","6,106.12","5,985.36","305.26M","1.91%"
"03/21/2021","5,988.81","5,960.85","6,002.95","5,886.00","386.38M","-0.15%"
"03/14/2021","5,997.96","6,069.09","6,089.20","5,983.61","548.12M","-0.80%"
"03/07/2021","6,046.55","5,822.92","6,046.55","5,799.05","443.18M","4.56%"
"02/28/2021","5,782.65","5,770.89","5,871.43","5,755.60","449.93M","1.39%"
"02/21/2021","5,703.22","5,737.47","5,834.36","5,688.26","486.03M","-1.22%"
"02/14/2021","5,773.55","5,732.30","5,801.38","5,720.58","445.83M","1.23%"
"02/07/2021","5,703.67","5,688.68","5,719.32","5,627.99","391.63M","0.78%"
"01/31/2021","5,659.26","5,441.43","5,673.03","5,429.78","423.37M","4.82%"
"01/24/2021","5,399.21","5,579.73","5,584.40","5,379.22","533.10M","-2.88%"
"01/17/2021","5,559.57","5,584.85","5,665.98","5,511.44","407.23M","-0.93%"
"01/10/2021","5,611.69","5,684.66","5,704.09","5,563.74","492.32M","-1.67%"
"01/03/2021","5,706.88","5,614.04","5,721.89","5,530.48","457.58M","2.80%"
"12/27/2020","5,551.41","5,562.04","5,625.60","5,547.90","146.18M","0.53%"
"12/20/2020","5,522.01","5,392.55","5,545.71","5,306.58","261.38M","-0.11%"
"12/13/2020","5,527.84","5,547.30","5,589.76","5,515.50","517.59M","0.37%"
"12/06/2020","5,507.55","5,594.50","5,599.41","5,466.56","446.29M","-1.81%"
"11/29/2020","5,609.15","5,564.16","5,616.62","5,518.55","537.28M","0.20%"
"11/22/2020","5,598.18","5,543.83","5,612.76","5,492.15","484.94M","1.86%"
"11/15/2020","5,495.89","5,430.57","5,524.25","5,402.31","514.78M","2.15%"
"11/08/2020","5,380.16","5,036.92","5,462.95","5,021.33","772.38M","8.45%"
"11/01/2020","4,960.88","4,614.95","4,998.19","4,581.86","515.17M","7.98%"
"10/25/2020","4,594.24","4,844.64","4,896.47","4,512.57","584.86M","-6.42%"
"10/18/2020","4,909.64","4,955.39","4,993.39","4,783.65","381.73M","-0.53%"
"10/11/2020","4,935.86","4,952.47","4,998.51","4,808.58","436.25M","-0.22%"
"10/04/2020","4,946.81","4,863.63","4,954.02","4,842.26","412.51M","2.53%"
"09/27/2020","4,824.88","4,806.14","4,871.83","4,757.22","437.79M","2.01%"
"09/20/2020","4,729.66","4,949.76","4,949.76","4,666.26","503.55M","-4.99%"
"09/13/2020","4,978.18","5,071.87","5,091.52","4,978.18","583.29M","-1.11%"
"09/06/2020","5,034.14","4,979.87","5,064.64","4,935.38","374.87M","1.39%"
"08/30/2020","4,965.07","5,041.34","5,131.39","4,892.83","477.96M","-0.76%"
"08/23/2020","5,002.94","4,948.71","5,073.61","4,948.71","320.88M","2.18%"
"08/16/2020","4,896.33","4,972.59","5,001.29","4,839.08","304.72M","-1.34%"
"08/09/2020","4,962.93","4,905.27","5,096.53","4,878.58","360.72M","1.50%"
"08/02/2020","4,889.52","4,797.06","4,954.60","4,763.60","408.92M","2.21%"
"07/26/2020","4,783.69","4,944.30","4,978.50","4,783.69","495.10M","-3.49%"
"07/19/2020","4,956.43","5,058.48","5,172.98","4,925.41","382.71M","-2.23%"
"07/12/2020","5,069.42","5,026.20","5,145.33","4,941.73","408.60M","1.99%"
"07/05/2020","4,970.48","5,112.50","5,121.72","4,882.50","409.87M","-0.73%"
"06/28/2020","5,007.14","4,887.23","5,072.71","4,851.37","468.75M","1.99%"
"06/21/2020","4,909.64","4,928.01","5,046.31","4,795.05","466.67M","-1.40%"
"06/14/2020","4,979.45","4,716.98","5,040.47","4,691.81","684.17M","2.90%"
"06/07/2020","4,839.26","5,159.30","5,213.67","4,759.17","729.22M","-6.90%"
"05/31/2020","5,197.79","4,776.72","5,199.65","4,721.63","688.57M","10.70%"
"05/24/2020","4,695.44","4,482.54","4,784.09","4,451.56","678.73M","5.64%"
"05/17/2020","4,444.56","4,361.03","4,536.07","4,354.73","552.95M","3.90%"
"05/10/2020","4,277.63","4,561.19","4,569.76","4,194.58","524.92M","-5.98%"
"05/03/2020","4,549.64","4,413.14","4,560.19","4,362.13","429.06M","-0.49%"
"04/26/2020","4,572.18","4,479.86","4,719.74","4,448.05","433.58M","4.07%"
"04/19/2020","4,393.32","4,531.34","4,531.34","4,357.46","434.30M","-2.35%"
"04/12/2020","4,499.01","4,553.55","4,577.84","4,318.90","466.26M","-0.17%"
"04/05/2020","4,506.85","4,298.50","4,543.69","4,268.52","510.86M","8.48%"
"03/29/2020","4,154.58","4,362.09","4,468.52","4,142.28","671.90M","-4.53%"
"03/22/2020","4,351.49","3,869.01","4,543.58","3,851.17","852.91M","7.48%"
"03/15/2020","4,048.80","3,886.82","4,109.11","3,632.06","1.22B","-1.69%"
"03/08/2020","4,118.36","4,845.27","4,924.84","4,025.89","1.51B","-19.86%"
"03/01/2020","5,139.11","5,416.02","5,509.28","5,117.57","894.47M","-3.22%"
"02/23/2020","5,309.90","5,875.86","5,884.86","5,229.56","965.67M","-11.94%"
"02/16/2020","6,029.72","6,079.53","6,111.41","5,995.14","416.47M","-0.65%"
"02/09/2020","6,069.35","6,008.48","6,104.73","5,993.91","410.60M","0.66%"
"02/02/2020","6,029.75","5,822.04","6,050.94","5,804.14","457.61M","3.85%"
"01/26/2020","5,806.34","5,924.06","5,969.73","5,799.04","454.49M","-3.62%"
"01/19/2020","6,024.26","6,092.97","6,094.09","5,961.87","346.97M","-1.25%"
"01/12/2020","6,100.72","6,040.91","6,109.81","5,980.05","375.83M","1.05%"
"01/05/2020","6,037.11","6,001.21","6,071.66","5,955.25","342.44M","-0.12%"
"12/29/2019","6,044.16","6,028.96","6,062.92","5,958.25","185.44M","0.11%"
"12/22/2019","6,037.39","6,013.56","6,065.00","6,005.96","106.34M","0.26%"
"12/15/2019","6,021.53","5,946.65","6,024.17","5,942.30","466.20M","1.73%"
"12/08/2019","5,919.02","5,865.73","5,972.17","5,776.67","396.97M","0.80%"
"12/01/2019","5,871.91","5,910.12","5,947.68","5,697.06","424.73M","-0.56%"
"11/24/2019","5,905.17","5,917.84","5,947.30","5,885.66","346.58M","0.20%"
"11/17/2019","5,893.13","5,939.64","5,966.79","5,834.26","368.66M","-0.78%"
"11/10/2019","5,939.27","5,873.74","5,947.62","5,871.71","350.93M","0.84%"
"11/03/2019","5,889.70","5,788.36","5,894.87","5,784.85","451.87M","2.22%"
"10/27/2019","5,761.89","5,720.73","5,778.29","5,711.10","413.27M","0.69%"
"10/20/2019","5,722.15","5,633.04","5,722.64","5,612.86","375.56M","1.52%"
"10/13/2019","5,636.25","5,646.33","5,737.15","5,600.11","421.31M","-0.52%"
"10/06/2019","5,665.48","5,476.77","5,667.40","5,447.01","405.62M","3.23%"
"09/29/2019","5,488.32","5,636.15","5,704.93","5,393.49","417.51M","-2.70%"
"09/22/2019","5,640.58","5,679.31","5,683.93","5,531.62","370.01M","-0.88%"
"09/15/2019","5,690.78","5,626.61","5,696.25","5,587.74","494.80M","0.62%"
"09/08/2019","5,655.46","5,606.36","5,672.07","5,555.51","468.27M","0.92%"
"09/01/2019","5,603.99","5,483.43","5,610.70","5,441.18","316.26M","2.25%"
"08/25/2019","5,480.48","5,310.16","5,504.01","5,300.99","329.39M","2.88%"
"08/18/2019","5,326.87","5,333.13","5,441.35","5,325.72","335.26M","0.49%"
"08/11/2019","5,300.79","5,362.39","5,402.99","5,170.77","444.48M","-0.51%"
"08/04/2019","5,327.92","5,296.08","5,387.96","5,226.39","446.96M","-0.58%"
"07/28/2019","5,359.00","5,598.65","5,624.34","5,350.76","456.96M","-4.48%"
"07/21/2019","5,610.05","5,550.30","5,672.77","5,545.61","394.82M","1.04%"
"07/14/2019","5,552.34","5,581.11","5,626.79","5,533.47","321.99M","-0.37%"
"07/07/2019","5,572.86","5,580.26","5,606.18","5,544.62","305.15M","-0.37%"
"06/30/2019","5,593.72","5,584.13","5,629.79","5,556.76","321.22M","0.99%"
"06/23/2019","5,538.97","5,534.35","5,547.11","5,465.62","366.26M","0.19%"
"06/16/2019","5,528.33","5,370.76","5,582.24","5,368.07","555.31M","2.99%"
"06/09/2019","5,367.62","5,382.29","5,431.54","5,342.15","343.45M","0.07%"
"06/02/2019","5,364.05","5,171.61","5,389.95","5,152.30","463.64M","3.00%"
"05/26/2019","5,207.63","5,341.39","5,364.22","5,160.91","435.19M","-2.05%"
"05/19/2019","5,316.51","5,425.30","5,438.60","5,272.78","432.12M","-2.24%"
"05/12/2019","5,438.23","5,332.30","5,450.65","5,247.66","478.31M","2.08%"
"05/05/2019","5,327.44","5,450.83","5,490.33","5,307.06","439.28M","-3.99%"
"04/28/2019","5,548.84","5,567.09","5,593.60","5,535.58","329.27M","-0.37%"
"04/21/2019","5,569.36","5,577.52","5,597.60","5,538.30","332.54M","-0.20%"
"04/14/2019","5,580.38","5,501.51","5,601.38","5,497.53","346.16M","1.41%"
"04/07/2019","5,502.70","5,471.74","5,510.99","5,436.42","366.16M","0.48%"
"03/31/2019","5,476.20","5,394.50","5,486.00","5,376.18","391.19M","2.35%"
"03/24/2019","5,350.53","5,211.76","5,356.07","5,211.76","400.71M","1.53%"
"03/17/2019","5,269.92","5,403.54","5,443.10","5,264.13","420.27M","-2.50%"
"03/10/2019","5,405.32","5,253.49","5,421.51","5,230.16","533.97M","3.33%"
"03/03/2019","5,231.22","5,291.13","5,314.97","5,221.03","367.47M","-0.65%"
"02/24/2019","5,265.19","5,228.25","5,286.69","5,197.29","446.27M","0.95%"
"02/17/2019","5,215.85","5,149.06","5,226.80","5,137.17","384.95M","1.22%"
"02/10/2019","5,153.19","4,988.09","5,164.58","4,986.30","450.18M","3.86%"
"02/03/2019","4,961.64","5,014.31","5,083.89","4,946.14","468.69M","-1.15%"
"01/27/2019","5,019.26","4,903.95","5,023.37","4,878.62","394.38M","1.90%"
"01/20/2019","4,925.82","4,865.79","4,931.80","4,820.14","373.06M","1.02%"
"01/13/2019","4,875.93","4,740.31","4,881.57","4,730.55","435.90M","1.98%"
"01/06/2019","4,781.34","4,757.01","4,843.48","4,690.22","432.34M","0.93%"
"12/30/2018","4,737.12","4,708.74","4,750.51","4,606.20","283.44M","1.25%"
"12/23/2018","4,678.74","4,650.42","4,700.49","4,555.99","187.25M","-0.33%"
"12/16/2018","4,694.38","4,840.12","4,847.50","4,628.24","615.75M","-3.28%"
"12/09/2018","4,853.70","4,797.92","4,935.48","4,732.02","510.38M","0.84%"
"12/02/2018","4,813.13","5,112.58","5,115.13","4,760.98","516.15M","-3.81%"
"11/25/2018","5,003.92","4,982.54","5,036.81","4,958.71","467.96M","1.15%"
"11/18/2018","4,946.95","5,040.68","5,062.75","4,894.30","389.56M","-1.56%"
"11/11/2018","5,025.20","5,130.38","5,140.45","4,986.19","457.36M","-1.60%"
"11/04/2018","5,106.75","5,101.87","5,168.11","5,066.39","408.49M","0.09%"
"10/28/2018","5,102.13","4,958.51","5,162.18","4,929.94","505.66M","2.71%"
"10/21/2018","4,967.37","5,130.29","5,135.69","4,896.80","580.40M","-2.31%"
"10/14/2018","5,084.66","5,095.12","5,205.38","5,057.45","502.29M","-0.22%"
"10/07/2018","5,095.98","5,339.49","5,349.31","5,095.74","507.84M","-4.91%"
"09/30/2018","5,359.36","5,494.93","5,519.94","5,354.79","414.98M","-2.44%"
"09/23/2018","5,493.49","5,480.64","5,546.80","5,458.21","425.59M","-0.01%"
"09/16/2018","5,494.17","5,344.55","5,499.03","5,329.97","580.25M","2.65%"
"09/09/2018","5,352.57","5,250.76","5,366.34","5,240.04","375.40M","1.91%"
"09/02/2018","5,252.22","5,400.70","5,428.22","5,226.31","406.75M","-2.86%"
"08/26/2018","5,406.85","5,455.40","5,506.76","5,403.16","322.66M","-0.47%"
"08/19/2018","5,432.50","5,362.37","5,449.75","5,356.32","288.96M","1.64%"
"08/12/2018","5,344.93","5,402.41","5,447.93","5,287.18","363.01M","-1.29%"
"08/05/2018","5,414.68","5,487.28","5,539.41","5,391.01","353.72M","-1.17%"
"07/29/2018","5,478.98","5,490.20","5,531.58","5,445.91","427.95M","-0.59%"
"07/22/2018","5,511.76","5,382.86","5,514.40","5,358.82","453.93M","2.10%"
"07/15/2018","5,398.32","5,429.43","5,459.72","5,342.30","369.98M","-0.57%"
"07/08/2018","5,429.20","5,403.04","5,439.56","5,349.48","384.93M","0.99%"
"07/01/2018","5,375.77","5,264.40","5,393.46","5,242.64","408.63M","0.98%"
"06/24/2018","5,323.53","5,350.96","5,371.58","5,246.41","420.48M","-1.19%"
"06/17/2018","5,387.38","5,487.70","5,491.84","5,302.09","435.43M","-2.08%"
"06/10/2018","5,501.88","5,459.81","5,560.62","5,408.30","554.90M","0.95%"
"06/03/2018","5,450.22","5,497.74","5,512.82","5,405.36","424.22M","-0.28%"
"05/27/2018","5,465.53","5,565.66","5,577.38","5,381.38","578.89M","-1.39%"
"05/20/2018","5,542.55","5,626.70","5,657.44","5,519.78","418.35M","-1.28%"
"05/13/2018","5,614.51","5,539.05","5,643.15","5,524.44","432.89M","1.31%"
"05/06/2018","5,541.94","5,511.94","5,547.20","5,496.39","308.21M","0.47%"
"04/29/2018","5,516.05","5,477.44","5,538.73","5,474.48","342.21M","0.60%"
"04/22/2018","5,483.19","5,404.72","5,483.19","5,388.67","400.43M","1.30%"
"04/15/2018","5,412.83","5,322.41","5,425.79","5,298.94","397.95M","1.84%"
"04/08/2018","5,315.02","5,271.00","5,339.05","5,247.57","368.63M","1.08%"
"04/01/2018","5,258.24","5,144.63","5,282.72","5,094.69","346.92M","1.76%"
"03/25/2018","5,167.30","5,106.34","5,194.98","5,038.12","373.67M","1.41%"
"03/18/2018","5,095.22","5,263.39","5,265.44","5,059.67","432.24M","-3.55%"
"03/11/2018","5,282.75","5,298.22","5,311.66","5,224.31","471.55M","0.16%"
"03/04/2018","5,274.40","5,116.39","5,293.08","5,115.94","487.81M","2.68%"
"02/25/2018","5,136.58","5,343.57","5,363.52","5,121.24","473.09M","-3.40%"
"02/18/2018","5,317.37","5,295.33","5,322.35","5,249.85","367.13M","0.68%"
"02/11/2018","5,281.58","5,130.40","5,291.48","5,081.62","495.03M","3.98%"
"02/04/2018","5,079.21","5,322.94","5,332.77","5,051.21","677.16M","-5.33%"
"01/28/2018","5,364.98","5,534.14","5,537.53","5,364.98","422.78M","-2.97%"
"01/21/2018","5,529.15","5,520.21","5,567.03","5,456.05","410.97M","0.05%"
"01/14/2018","5,526.51","5,515.55","5,535.95","5,474.11","370.03M","0.17%"
"01/07/2018","5,517.06","5,483.47","5,529.30","5,478.92","424.58M","0.85%"
"12/31/2017","5,470.75","5,318.74","5,470.75","5,258.66","320.65M","2.98%"
"12/24/2017","5,312.56","5,359.82","5,388.14","5,312.56","133.75M","-0.97%"
"12/17/2017","5,364.72","5,386.40","5,427.87","5,323.54","341.71M","0.29%"
"12/10/2017","5,349.30","5,411.71","5,429.03","5,330.10","487.49M","-0.92%"
"12/03/2017","5,399.09","5,363.29","5,425.75","5,316.55","422.24M","1.55%"
"11/26/2017","5,316.89","5,378.96","5,441.69","5,299.06","462.52M","-1.36%"
"11/19/2017","5,390.46","5,311.28","5,419.88","5,302.85","328.65M","1.34%"
"11/12/2017","5,319.17","5,382.65","5,384.76","5,267.22","445.32M","-1.14%"
"11/05/2017","5,380.72","5,507.07","5,525.55","5,375.12","438.09M","-2.49%"
"10/29/2017","5,517.97","5,488.33","5,536.40","5,486.24","374.51M","0.43%"
"10/22/2017","5,494.13","5,377.45","5,513.53","5,364.16","417.80M","2.27%"
"10/15/2017","5,372.38","5,362.53","5,394.23","5,343.00","382.65M","0.39%"
"10/08/2017","5,351.74","5,364.81","5,378.51","5,338.14","326.64M","-0.15%"
"10/01/2017","5,359.90","5,332.92","5,381.74","5,326.66","354.42M","0.56%"
"09/24/2017","5,329.81","5,267.99","5,329.81","5,255.11","373.35M","0.92%"
"09/17/2017","5,281.29","5,231.99","5,295.93","5,219.71","361.33M","1.29%"
"09/10/2017","5,213.91","5,145.78","5,237.17","5,145.78","599.70M","1.96%"
"09/03/2017","5,113.49","5,088.28","5,148.06","5,050.09","472.61M","-0.19%"
"08/27/2017","5,123.26","5,076.47","5,138.42","4,995.07","377.83M","0.37%"
"08/20/2017","5,104.33","5,091.31","5,149.08","5,066.19","296.70M","-0.19%"
"08/13/2017","5,114.15","5,082.87","5,200.16","5,074.45","308.56M","1.05%"
"08/06/2017","5,060.92","5,210.73","5,231.65","5,046.75","379.79M","-2.74%"
"07/30/2017","5,203.44","5,127.63","5,216.40","5,084.20","406.89M","1.40%"
"07/23/2017","5,131.39","5,133.68","5,218.56","5,094.36","455.30M","0.27%"
"07/16/2017","5,117.66","5,238.41","5,251.25","5,095.12","396.12M","-2.25%"
"07/09/2017","5,235.31","5,160.70","5,259.47","5,135.95","355.86M","1.75%"
"07/02/2017","5,145.16","5,151.19","5,200.73","5,111.16","395.65M","0.48%"
"06/25/2017","5,120.68","5,295.04","5,323.73","5,117.23","479.86M","-2.76%"
"06/18/2017","5,266.12","5,305.22","5,339.55","5,224.05","401.38M","0.05%"
"06/11/2017","5,263.31","5,282.58","5,314.96","5,176.67","553.98M","-0.69%"
"06/04/2017","5,299.71","5,337.11","5,343.79","5,250.68","399.97M","-0.82%"
"05/28/2017","5,343.41","5,327.73","5,372.97","5,273.56","458.38M","0.13%"
"05/21/2017","5,336.64","5,335.12","5,368.88","5,282.42","393.72M","0.23%"
"05/14/2017","5,324.40","5,411.27","5,417.40","5,238.51","562.30M","-1.50%"
"05/07/2017","5,405.42","5,442.10","5,442.10","5,356.41","621.38M","-0.50%"
"04/30/2017","5,432.40","5,284.88","5,432.40","5,274.29","508.80M","3.13%"
"04/23/2017","5,267.33","5,267.88","5,296.52","5,228.54","722.66M","4.11%"
"04/16/2017","5,059.20","5,078.25","5,093.60","4,980.41","569.84M","-0.23%"
"04/09/2017","5,071.10","5,127.36","5,142.81","5,062.32","372.36M","-1.25%"
"04/02/2017","5,135.28","5,130.18","5,135.28","5,051.61","436.31M","0.25%"
"03/26/2017","5,122.51","4,975.09","5,122.51","4,971.07","456.79M","2.02%"
"03/19/2017","5,020.90","5,008.08","5,054.91","4,953.57","428.31M","-0.17%"
"03/12/2017","5,029.24","4,997.88","5,037.85","4,958.88","547.42M","0.72%"
"03/05/2017","4,993.32","4,983.96","5,022.10","4,933.77","485.43M","-0.04%"
"02/26/2017","4,995.13","4,864.13","5,002.32","4,833.77","534.45M","3.09%"
"02/19/2017","4,845.24","4,894.25","4,922.64","4,806.49","491.13M","-0.46%"
"02/12/2017","4,867.58","4,844.22","4,932.35","4,841.60","503.79M","0.81%"
"02/05/2017","4,828.32","4,829.68","4,845.45","4,733.82","501.44M","0.06%"
"01/29/2017","4,825.42","4,823.50","4,847.47","4,748.90","473.40M","-0.30%"
"01/22/2017","4,839.98","4,816.98","4,901.07","4,800.39","468.29M","-0.22%"
"01/15/2017","4,850.67","4,883.43","4,911.39","4,818.88","476.26M","-1.46%"
"01/08/2017","4,922.49","4,915.35","4,924.58","4,856.50","485.44M","0.26%"
"01/01/2017","4,909.84","4,845.96","4,929.60","4,843.93","367.01M","0.98%"
"12/25/2016","4,862.31","4,840.17","4,864.29","4,822.29","188.35M","0.47%"
"12/18/2016","4,839.68","4,820.49","4,852.58","4,812.08","374.56M","0.13%"
"12/11/2016","4,833.27","4,769.84","4,856.96","4,746.55","686.35M","1.45%"
"12/04/2016","4,764.07","4,506.66","4,780.52","4,502.20","655.65M","5.19%"
"11/27/2016","4,528.82","4,544.09","4,597.54","4,490.15","529.61M","-0.47%"
"11/20/2016","4,550.27","4,525.46","4,571.79","4,479.69","434.00M","1.02%"
"11/13/2016","4,504.35","4,528.05","4,560.88","4,479.94","542.24M","0.34%"
"11/06/2016","4,489.27","4,440.11","4,606.66","4,344.88","760.61M","2.55%"
"10/30/2016","4,377.46","4,525.60","4,540.26","4,355.81","473.01M","-3.76%"
"10/23/2016","4,548.58","4,551.73","4,579.28","4,496.97","475.14M","0.28%"
"10/16/2016","4,536.07","4,452.72","4,555.11","4,439.91","455.10M","1.46%"
"10/09/2016","4,470.92","4,458.07","4,520.18","4,370.65","499.20M","0.47%"
"10/02/2016","4,449.91","4,447.54","4,521.36","4,432.77","487.02M","0.04%"
"09/25/2016","4,448.26","4,455.59","4,505.30","4,342.64","474.20M","-0.90%"
"09/18/2016","4,488.69","4,368.85","4,528.89","4,368.85","446.96M","3.61%"
"09/11/2016","4,332.45","4,415.23","4,470.26","4,310.88","626.65M","-3.54%"
"09/04/2016","4,491.40","4,550.82","4,569.62","4,481.09","418.12M","-1.12%"
"08/28/2016","4,542.17","4,421.46","4,548.04","4,390.04","463.87M","2.26%"
"08/21/2016","4,441.87","4,397.39","4,455.61","4,377.70","346.54M","0.94%"
"08/14/2016","4,400.52","4,503.65","4,528.00","4,373.75","332.32M","-2.21%"
"08/07/2016","4,500.19","4,419.02","4,510.06","4,407.32","357.02M","2.03%"
"07/31/2016","4,410.55","4,469.99","4,477.44","4,293.34","484.72M","-0.66%"
"07/24/2016","4,439.81","4,381.63","4,474.67","4,353.62","519.48M","1.34%"
"07/17/2016","4,381.10","4,375.09","4,408.13","4,304.20","412.88M","0.20%"
"07/10/2016","4,372.51","4,221.22","4,402.23","4,207.37","533.80M","4.34%"
"07/03/2016","4,190.68","4,288.50","4,288.66","4,062.07","551.65M","-1.95%"
"06/26/2016","4,273.96","4,073.72","4,288.72","3,955.98","848.91M","4.07%"
"06/19/2016","4,106.73","4,301.19","4,490.55","4,007.97","873.01M","-2.08%"
"06/12/2016","4,193.83","4,253.98","4,275.97","4,109.82","710.06M","-2.62%"
"06/05/2016","4,306.72","4,407.01","4,486.47","4,301.10","490.24M","-2.60%"
"05/29/2016","4,421.78","4,507.09","4,536.63","4,396.63","470.33M","-2.06%"
"05/22/2016","4,514.74","4,344.89","4,518.22","4,300.18","494.66M","3.69%"
"05/15/2016","4,353.90","4,290.65","4,362.33","4,267.71","462.44M","0.78%"
"05/08/2016","4,319.99","4,322.69","4,374.75","4,253.13","528.41M","0.44%"
"05/01/2016","4,301.24","4,455.76","4,458.74","4,245.17","491.56M","-2.88%"
"04/24/2016","4,428.96","4,561.92","4,579.12","4,428.59","550.95M","-3.08%"
"04/17/2016","4,569.66","4,425.25","4,607.69","4,424.76","565.40M","1.66%"
"04/10/2016","4,495.17","4,294.12","4,515.00","4,263.08","633.87M","4.46%"
"04/03/2016","4,303.12","4,311.19","4,378.05","4,229.12","559.42M","-0.44%"
"03/27/2016","4,322.24","4,354.03","4,466.50","4,261.25","445.01M","-0.17%"
"03/20/2016","4,329.68","4,425.84","4,481.11","4,323.18","424.21M","-2.98%"
"03/13/2016","4,462.51","4,501.81","4,535.91","4,367.44","777.97M","-0.67%"
"03/06/2016","4,492.79","4,436.37","4,580.97","4,350.35","692.35M","0.81%"
"02/28/2016","4,456.62","4,275.84","4,480.21","4,254.77","634.74M","3.29%"
"02/21/2016","4,314.57","4,260.62","4,352.39","4,117.49","598.04M","2.17%"
"02/14/2016","4,223.04","4,086.29","4,279.19","4,076.81","668.56M","5.71%"
"02/07/2016","3,995.06","4,217.45","4,220.85","3,892.46","876.67M","-4.89%"
"01/31/2016","4,200.67","4,418.14","4,422.61","4,176.48","748.28M","-4.90%"
"01/24/2016","4,417.02","4,365.15","4,417.02","4,224.45","675.51M","1.85%"
"01/17/2016","4,336.69","4,211.11","4,371.65","4,084.68","755.99M","3.01%"
"01/10/2016","4,210.16","4,333.21","4,465.56","4,178.87","705.77M","-2.85%"
"01/03/2016","4,333.76","4,582.05","4,586.11","4,323.55","620.20M","-6.54%"
"12/27/2015","4,637.06","4,667.03","4,708.32","4,613.78","189.38M","-0.56%"
"12/20/2015","4,663.18","4,617.20","4,686.09","4,526.86","327.36M","0.82%"
"12/13/2015","4,625.26","4,572.37","4,748.76","4,472.65","848.76M","1.66%"
"12/06/2015","4,549.56","4,746.26","4,803.48","4,527.26","733.95M","-3.50%"
"11/29/2015","4,714.79","4,917.15","4,975.71","4,670.99","761.32M","-4.37%"
"11/22/2015","4,930.14","4,901.68","4,961.45","4,773.98","510.10M","0.39%"
"11/15/2015","4,910.97","4,756.92","4,962.45","4,751.03","560.45M","2.14%"
"11/08/2015","4,807.95","4,978.84","4,983.77","4,762.33","584.37M","-3.54%"
"11/01/2015","4,984.15","4,848.86","5,011.65","4,845.12","703.45M","1.77%"
"10/25/2015","4,897.66","4,908.33","4,924.24","4,841.39","644.20M","-0.53%"
"10/18/2015","4,923.64","4,697.52","4,947.02","4,642.94","619.99M","4.70%"
"10/11/2015","4,702.79","4,705.22","4,718.91","4,580.84","562.38M","0.03%"
"10/04/2015","4,701.39","4,543.07","4,737.69","4,528.02","689.95M","5.44%"
"09/27/2015","4,458.88","4,452.24","4,528.16","4,278.57","759.38M","-0.49%"
"09/20/2015","4,480.66","4,526.28","4,605.26","4,309.42","734.02M","-1.22%"
"09/13/2015","4,535.85","4,554.71","4,665.99","4,495.05","662.93M","-0.28%"
"09/06/2015","4,548.72","4,563.85","4,733.05","4,524.99","499.50M","0.57%"
"08/30/2015","4,523.08","4,636.44","4,692.30","4,499.49","619.35M","-3.25%"
"08/23/2015","4,675.13","4,465.48","4,686.67","4,230.49","985.87M","0.95%"
"08/16/2015","4,630.99","4,996.76","5,025.71","4,630.99","528.20M","-6.57%"
"08/09/2015","4,956.47","5,179.84","5,197.65","4,907.33","509.41M","-3.85%"
"08/02/2015","5,154.75","5,076.80","5,217.80","5,066.15","540.15M","1.42%"
"07/26/2015","5,082.61","5,030.89","5,083.64","4,924.29","630.50M","0.50%"
"07/19/2015","5,057.36","5,134.16","5,184.74","5,051.14","451.74M","-1.31%"
"07/12/2015","5,124.39","4,985.14","5,147.40","4,959.62","545.99M","4.51%"
"07/05/2015","4,903.07","4,709.01","4,922.63","4,601.90","727.02M","1.97%"
"06/28/2015","4,808.22","4,821.45","4,946.62","4,780.55","699.38M","-4.96%"
"06/21/2015","5,059.17","4,926.63","5,095.04","4,911.86","693.02M","5.06%"
"06/14/2015","4,815.37","4,844.95","4,871.07","4,712.97","672.75M","-1.75%"
"06/07/2015","4,901.19","4,906.17","5,022.10","4,783.92","633.65M","-0.40%"
"05/31/2015","4,920.74","5,029.05","5,088.14","4,894.17","597.02M","-1.74%"
"05/24/2015","5,007.89","5,139.65","5,193.77","5,006.46","521.29M","-2.62%"
"05/17/2015","5,142.89","4,996.96","5,155.28","4,932.01","502.86M","2.99%"
"05/10/2015","4,993.82","5,050.92","5,066.57","4,905.70","604.63M","-1.90%"
"05/03/2015","5,090.39","5,060.50","5,133.17","4,874.90","796.57M","0.87%"
"04/26/2015","5,046.49","5,198.79","5,283.71","4,987.26","651.13M","-2.98%"
"04/19/2015","5,201.45","5,154.91","5,243.57","5,146.27","663.99M","1.13%"
"04/12/2015","5,143.26","5,236.11","5,269.50","5,132.71","1.02B","-1.85%"
"04/05/2015","5,240.46","5,106.36","5,240.65","5,096.00","441.62M","3.28%"
"03/29/2015","5,074.14","5,052.25","5,110.79","5,007.68","451.17M","0.80%"
"03/22/2015","5,034.06","5,078.25","5,103.30","4,932.53","693.42M","-1.05%"
"03/15/2015","5,087.49","5,019.02","5,106.04","5,001.37","698.24M","1.54%"
"03/08/2015","5,010.46","4,940.64","5,010.80","4,869.45","620.89M","0.93%"
"03/01/2015","4,964.35","4,937.43","4,986.88","4,856.14","634.20M","0.26%"
"02/22/2015","4,951.48","4,872.13","4,951.48","4,832.36","568.68M","2.50%"
"02/15/2015","4,830.90","4,757.52","4,841.69","4,683.19","625.70M","1.50%"
"02/08/2015","4,759.36","4,652.16","4,779.54","4,611.15","692.69M","1.46%"
"02/01/2015","4,691.03","4,613.31","4,707.24","4,584.37","688.41M","1.88%"
"01/25/2015","4,604.25","4,620.00","4,679.26","4,571.05","679.54M","-0.79%"
"01/18/2015","4,640.69","4,388.67","4,673.30","4,367.24","861.15M","5.96%"
"01/11/2015","4,379.62","4,196.78","4,387.22","4,119.35","775.45M","4.80%"
"01/04/2015","4,179.07","4,221.99","4,276.92","4,076.16","683.45M","-1.72%"
"12/28/2014","4,252.29","4,301.66","4,317.93","4,224.34","219.78M","-1.01%"
"12/21/2014","4,295.85","4,255.88","4,316.39","4,239.36","182.93M","1.28%"
"12/14/2014","4,241.65","4,094.46","4,291.20","3,926.34","970.29M","3.23%"
"12/07/2014","4,108.93","4,400.17","4,407.95","4,103.49","614.43M","-7.03%"
"11/30/2014","4,419.48","4,354.19","4,427.74","4,310.69","554.73M","0.67%"
"11/23/2014","4,390.18","4,355.97","4,403.55","4,348.83","534.64M","0.99%"
"11/16/2014","4,347.23","4,169.61","4,356.11","4,166.40","588.77M","3.44%"
"11/09/2014","4,202.46","4,184.18","4,252.92","4,153.17","587.70M","0.30%"
"11/02/2014","4,189.89","4,225.81","4,275.30","4,118.50","700.39M","-1.02%"
"10/26/2014","4,233.09","4,170.84","4,246.93","4,051.86","828.04M","2.52%"
"10/19/2014","4,128.90","4,023.76","4,166.46","3,962.06","725.01M","2.37%"
"10/12/2014","4,033.18","4,033.74","4,104.00","3,789.11","1.05B","-0.99%"
"10/05/2014","4,073.71","4,317.92","4,319.31","4,065.50","795.15M","-4.86%"
"09/28/2014","4,281.74","4,389.83","4,435.07","4,242.67","635.66M","-2.57%"
"09/21/2014","4,394.75","4,446.91","4,464.31","4,340.63","510.84M","-1.49%"
"09/14/2014","4,461.22","4,425.63","4,492.39","4,391.08","529.95M","0.44%"
"09/07/2014","4,441.70","4,484.40","4,489.02","4,411.07","426.74M","-1.00%"
"08/31/2014","4,486.49","4,383.62","4,509.58","4,358.26","538.08M","2.41%"
"08/24/2014","4,381.04","4,299.50","4,401.52","4,286.61","470.09M","3.02%"
"08/17/2014","4,252.80","4,227.88","4,292.93","4,211.38","387.02M","1.88%"
"08/10/2014","4,174.36","4,182.75","4,256.34","4,150.90","486.54M","0.64%"
"08/03/2014","4,147.81","4,222.78","4,252.68","4,109.31","656.25M","-1.31%"
"07/27/2014","4,202.78","4,352.50","4,389.76","4,182.02","730.03M","-2.95%"
"07/20/2014","4,330.55","4,334.62","4,415.29","4,295.36","468.59M","-0.11%"
"07/13/2014","4,335.31","4,327.66","4,374.22","4,284.42","499.50M","0.44%"
"07/06/2014","4,316.50","4,453.76","4,463.06","4,277.58","524.34M","-3.41%"
"06/29/2014","4,468.98","4,443.03","4,490.72","4,407.18","514.63M","0.72%"
"06/22/2014","4,436.99","4,540.52","4,540.52","4,412.18","530.07M","-2.30%"
"06/15/2014","4,541.34","4,523.52","4,581.95","4,508.46","610.24M","-0.04%"
"06/08/2014","4,543.28","4,580.94","4,598.65","4,506.93","473.06M","-0.83%"
"06/01/2014","4,581.12","4,523.90","4,586.68","4,470.47","596.18M","1.36%"
"05/25/2014","4,519.57","4,504.26","4,536.83","4,495.79","432.69M","0.59%"
"05/18/2014","4,493.15","4,447.68","4,495.76","4,418.05","497.71M","0.83%"
"05/11/2014","4,456.28","4,467.38","4,512.62","4,418.59","632.72M","-0.47%"
"05/04/2014","4,477.28","4,453.52","4,507.24","4,400.91","626.49M","0.43%"
"04/27/2014","4,458.17","4,455.05","4,504.14","4,444.46","464.58M","0.33%"
"04/20/2014","4,443.63","4,451.91","4,499.32","4,431.38","459.95M","0.27%"
"04/13/2014","4,431.81","4,345.62","4,432.64","4,319.28","497.70M","1.51%"
"04/06/2014","4,365.86","4,453.19","4,466.19","4,333.87","616.07M","-2.65%"
"03/30/2014","4,484.55","4,426.83","4,496.54","4,390.77","516.82M","1.66%"
"03/23/2014","4,411.26","4,321.99","4,411.38","4,266.98","581.31M","1.75%"
"03/16/2014","4,335.28","4,216.91","4,353.39","4,211.62","660.02M","2.82%"
"03/09/2014","4,216.37","4,365.49","4,417.80","4,183.00","652.72M","-3.44%"
"03/02/2014","4,366.42","4,338.79","4,432.50","4,288.44","694.40M","-0.95%"
"02/23/2014","4,408.08","4,374.46","4,420.94","4,354.95","583.51M","0.62%"
"02/16/2014","4,381.06","4,345.58","4,383.15","4,290.47","480.96M","0.94%"
"02/09/2014","4,340.14","4,247.58","4,340.38","4,229.07","567.89M","2.65%"
"02/02/2014","4,228.18","4,160.28","4,228.90","4,080.60","753.23M","1.50%"
"01/26/2014","4,165.72","4,166.28","4,245.96","4,098.71","674.42M","0.10%"
"01/19/2014","4,161.47","4,320.81","4,351.21","4,154.95","587.85M","-3.84%"
"01/12/2014","4,327.50","4,261.70","4,341.86","4,213.57","568.93M","1.81%"
"01/05/2014","4,250.60","4,242.27","4,278.11","4,215.59","537.93M","0.07%"
"12/29/2013","4,247.65","4,283.42","4,312.59","4,226.66","230.92M","-0.70%"
"12/22/2013","4,277.65","4,199.92","4,279.28","4,187.95","167.06M","2.00%"
"12/15/2013","4,193.77","4,051.93","4,200.31","4,051.25","578.78M","3.30%"
"12/08/2013","4,059.71","4,143.30","4,144.80","4,053.41","406.59M","-1.69%"
"12/01/2013","4,129.37","4,294.65","4,309.31","4,082.14","489.40M","-3.86%"
"11/24/2013","4,295.21","4,298.01","4,311.81","4,276.79","355.82M","0.39%"
"11/17/2013","4,278.53","4,289.22","4,336.61","4,222.31","382.77M","-0.32%"
"11/10/2013","4,292.23","4,262.80","4,299.67","4,213.21","402.43M","0.75%"
"11/03/2013","4,260.44","4,284.83","4,356.28","4,211.82","509.08M","-0.30%"
"10/27/2013","4,273.19","4,287.89","4,309.92","4,236.03","386.30M","0.02%"
"10/20/2013","4,272.31","4,285.71","4,309.15","4,242.22","453.43M","-0.32%"
"10/13/2013","4,286.03","4,206.10","4,286.03","4,192.59","452.09M","1.57%"
"10/06/2013","4,219.98","4,145.11","4,227.54","4,105.67","448.01M","1.34%"
"09/29/2013","4,164.25","4,141.55","4,196.60","4,120.24","401.94M","-0.54%"
"09/22/2013","4,186.77","4,207.18","4,216.92","4,162.84","412.39M","-0.40%"
"09/15/2013","4,203.66","4,154.19","4,227.21","4,131.22","571.18M","2.17%"
"09/08/2013","4,114.50","4,046.26","4,122.53","4,022.81","480.63M","1.61%"
"09/01/2013","4,049.19","3,974.79","4,049.19","3,927.63","460.54M","2.93%"
"08/25/2013","3,933.78","4,072.78","4,072.12","3,933.78","430.70M","-3.33%"
"08/18/2013","4,069.47","4,122.38","4,122.14","4,005.47","369.66M","-1.32%"
"08/11/2013","4,123.89","4,080.97","4,123.89","4,048.62","366.56M","1.16%"
"08/04/2013","4,076.55","4,049.16","4,087.73","4,010.63","430.49M","0.76%"
"07/28/2013","4,045.65","3,987.04","4,059.62","3,962.43","491.83M","1.94%"
"07/21/2013","3,968.84","3,929.19","4,002.35","3,915.81","458.46M","1.11%"
"07/14/2013","3,925.32","3,867.08","3,927.79","3,821.55","378.33M","1.82%"
"07/07/2013","3,855.09","3,782.12","3,888.19","3,781.51","404.84M","2.70%"
"06/30/2013","3,753.85","3,761.57","3,837.39","3,668.77","480.25M","0.40%"
"06/23/2013","3,738.91","3,652.52","3,780.56","3,575.17","564.19M","2.21%"
"06/16/2013","3,658.04","3,815.44","3,882.88","3,658.04","563.29M","-3.87%"
"06/09/2013","3,805.16","3,864.08","3,884.64","3,731.84","439.50M","-1.74%"
"06/02/2013","3,872.59","3,929.68","3,979.53","3,800.85","462.38M","-1.92%"
"05/26/2013","3,948.59","3,979.15","4,072.24","3,938.19","448.36M","-0.21%"
"05/19/2013","3,956.79","4,005.79","4,058.73","3,940.29","452.10M","-1.11%"
"05/12/2013","4,001.27","3,948.33","4,018.84","3,922.20","501.12M","1.20%"
"05/05/2013","3,953.83","3,909.49","3,971.92","3,897.73","396.83M","1.04%"
"04/28/2013","3,912.95","3,827.93","3,914.51","3,819.04","415.03M","2.70%"
"04/21/2013","3,810.05","3,673.48","3,854.41","3,631.58","572.29M","4.33%"
"04/14/2013","3,651.96","3,728.69","3,747.67","3,584.38","621.37M","-2.07%"
"04/07/2013","3,729.30","3,677.21","3,788.86","3,655.92","503.93M","1.80%"
"03/31/2013","3,663.48","3,729.82","3,810.18","3,638.83","494.99M","-1.82%"
"03/24/2013","3,731.42","3,823.88","3,837.02","3,669.17","490.62M","-1.03%"
"03/17/2013","3,770.29","3,768.07","3,834.88","3,750.05","555.05M","-1.92%"
"03/10/2013","3,844.03","3,830.69","3,871.58","3,817.56","560.47M","0.10%"
"03/03/2013","3,840.15","3,680.58","3,849.87","3,673.03","500.74M","3.79%"
"02/24/2013","3,699.91","3,721.10","3,787.53","3,600.81","652.08M","-0.17%"
"02/17/2013","3,706.28","3,655.53","3,743.65","3,623.17","536.01M","1.25%"
"02/10/2013","3,660.37","3,660.28","3,710.09","3,634.82","463.13M","0.30%"
"02/03/2013","3,649.50","3,778.36","3,778.36","3,601.05","547.66M","-3.29%"
"01/27/2013","3,773.53","3,784.58","3,793.26","3,725.68","494.21M","-0.12%"
"01/20/2013","3,778.16","3,747.58","3,782.60","3,711.55","431.68M","0.98%"
"01/13/2013","3,741.58","3,721.63","3,760.95","3,680.61","485.89M","0.96%"
"01/06/2013","3,706.02","3,731.49","3,732.65","3,683.82","527.98M","-0.64%"
"12/30/2012","3,730.02","3,600.16","3,733.93","3,599.22","237.24M","3.03%"
"12/23/2012","3,620.25","3,662.95","3,684.16","3,618.67","126.34M","-1.12%"
"12/16/2012","3,661.40","3,633.17","3,674.57","3,611.12","912.23M","0.50%"
"12/09/2012","3,643.28","3,587.32","3,659.10","3,575.53","613.02M","1.04%"
"12/02/2012","3,605.61","3,567.90","3,622.36","3,563.02","676.87M","1.36%"
"11/25/2012","3,557.28","3,513.94","3,584.73","3,479.16","736.62M","0.81%"
"11/18/2012","3,528.80","3,375.42","3,528.80","3,369.53","652.80M","5.60%"
"11/11/2012","3,341.52","3,424.55","3,436.26","3,341.52","684.45M","-2.40%"
"11/04/2012","3,423.57","3,469.90","3,515.87","3,374.08","781.55M","-1.97%"
"10/28/2012","3,492.46","3,419.38","3,502.64","3,394.89","575.74M","1.67%"
"10/21/2012","3,435.09","3,498.38","3,519.05","3,382.36","693.06M","-1.98%"
"10/14/2012","3,504.56","3,387.76","3,542.58","3,387.76","923.03M","3.41%"
"10/07/2012","3,389.08","3,429.32","3,429.86","3,351.44","764.34M","-1.97%"
"09/30/2012","3,457.04","3,348.07","3,461.84","3,348.62","672.07M","3.05%"
"09/23/2012","3,354.82","3,501.34","3,520.29","3,354.82","663.94M","-4.98%"
"09/16/2012","3,530.72","3,558.57","3,573.98","3,486.36","837.60M","-1.42%"
"09/09/2012","3,581.58","3,513.66","3,588.02","3,477.37","882.11M","1.78%"
"09/02/2012","3,519.05","3,401.96","3,561.91","3,372.80","763.15M","3.11%"
"08/26/2012","3,413.07","3,422.55","3,462.83","3,371.74","545.27M","-0.59%"
"08/19/2012","3,433.21","3,484.47","3,523.85","3,396.81","542.35M","-1.58%"
"08/12/2012","3,488.38","3,429.53","3,501.91","3,410.94","494.89M","1.54%"
"08/05/2012","3,435.62","3,365.37","3,464.29","3,358.20","682.76M","1.82%"
"07/29/2012","3,374.19","3,299.31","3,374.84","3,232.46","920.21M","2.87%"
"07/22/2012","3,280.19","3,159.68","3,280.19","3,065.47","1.00B","2.70%"
"07/15/2012","3,193.89","3,176.27","3,267.75","3,155.63","957.80M","0.41%"
"07/08/2012","3,180.81","3,167.28","3,204.62","3,118.48","695.95M","0.38%"
"07/01/2012","3,168.79","3,197.04","3,288.51","3,168.79","799.61M","-0.87%"
"06/24/2012","3,196.65","3,072.61","3,196.65","3,003.84","821.89M","3.42%"
"06/17/2012","3,090.90","3,120.82","3,153.28","3,052.65","834.35M","0.11%"
"06/10/2012","3,087.62","3,110.96","3,122.41","2,993.71","1.03B","1.18%"
"06/03/2012","3,051.69","2,928.91","3,104.74","2,927.01","914.80M","3.43%"
"05/27/2012","2,950.47","3,068.34","3,099.84","2,922.26","698.67M","-3.20%"
"05/20/2012","3,047.94","2,997.19","3,093.92","2,984.72","861.85M","1.33%"
"05/13/2012","3,008.00","3,093.36","3,098.80","2,970.10","936.97M","-3.89%"
"05/06/2012","3,129.77","3,112.47","3,219.41","3,073.38","906.25M","-1.02%"
"04/29/2012","3,161.97","3,270.78","3,273.72","3,153.92","714.77M","-3.19%"
"04/22/2012","3,266.27","3,157.85","3,282.65","3,088.36","1.03B","2.44%"
"04/15/2012","3,188.58","3,183.19","3,292.51","3,155.36","992.68M","-0.02%"
"04/08/2012","3,189.09","3,274.85","3,292.28","3,180.19","789.27M","-3.94%"
"04/01/2012","3,319.81","3,439.17","3,473.20","3,279.31","704.42M","-3.04%"
"03/25/2012","3,423.81","3,495.76","3,535.60","3,374.69","722.44M","-1.51%"
"03/18/2012","3,476.18","3,581.48","3,581.48","3,432.56","648.50M","-3.30%"
"03/11/2012","3,594.83","3,473.37","3,600.48","3,467.61","848.61M","3.08%"
"03/04/2012","3,487.48","3,485.51","3,507.52","3,362.56","778.58M","-0.39%"
"02/26/2012","3,501.17","3,452.01","3,514.15","3,412.17","774.42M","0.98%"
"02/19/2012","3,467.03","3,463.56","3,478.03","3,425.02","749.94M","0.80%"
"02/12/2012","3,439.62","3,406.86","3,450.76","3,352.63","823.92M","1.97%"
"02/05/2012","3,373.14","3,412.32","3,449.24","3,365.48","832.02M","-1.60%"
"01/29/2012","3,427.92","3,295.98","3,427.92","3,264.02","745.59M","3.29%"
"01/22/2012","3,318.76","3,325.42","3,368.66","3,285.63","786.59M","-0.08%"
"01/15/2012","3,321.50","3,174.33","3,336.62","3,163.68","813.55M","3.91%"
"01/08/2012","3,196.49","3,143.95","3,253.29","3,114.45","710.95M","1.88%"
"01/01/2012","3,137.36","3,158.24","3,246.74","3,122.63","540.50M","-0.71%"
"12/25/2011","3,159.81","3,111.14","3,159.81","3,064.69","229.75M","1.86%"
"12/18/2011","3,102.09","2,942.34","3,121.39","2,941.40","550.06M","4.37%"
"12/11/2011","2,972.30","3,150.84","3,163.70","2,969.40","773.94M","-6.31%"
"12/04/2011","3,172.35","3,206.67","3,244.89","3,064.63","771.99M","0.23%"
"11/27/2011","3,164.95","2,897.48","3,201.06","2,890.76","848.80M","10.78%"
"11/20/2011","2,856.97","2,981.79","2,981.79","2,793.22","783.98M","-4.67%"
"11/13/2011","2,997.01","3,169.43","3,174.32","2,979.60","669.84M","-4.84%"
"11/06/2011","3,149.38","3,087.98","3,193.62","3,008.73","919.26M","0.83%"
"10/30/2011","3,123.55","3,302.78","3,310.30","3,029.44","1.07B","-6.72%"
"10/23/2011","3,348.63","3,190.71","3,411.22","3,146.11","883.05M","5.59%"
"10/16/2011","3,171.34","3,241.97","3,266.57","3,082.12","843.49M","-1.45%"
"10/09/2011","3,217.89","3,121.41","3,251.62","3,094.17","845.45M","3.95%"
"10/02/2011","3,095.56","2,913.07","3,126.00","2,808.22","951.87M","3.81%"
"09/25/2011","2,981.96","2,754.82","3,060.43","2,753.27","914.74M","6.12%"